<configuration>
  <conversionRule conversionWord="coloredLevel" converterClass="play.api.libs.logback.ColoredLevel" />

  <appender name="STDOUT" class="ch.qos.logback.core.ConsoleAppender">
    <encoder>
      <charset>UTF-8</charset>
      <pattern>%-5coloredLevel [%X{traceId}/%X{spanId}] %d{HH:mm:ss.SSS} %cyan(%logger{15}): %msg%n%xException</pattern>
    </encoder>
  </appender>

  <logger name="play" level="INFO" />
  <logger name="com.kyleu" level="INFO" />
  <logger name="models" level="INFO" />
  <logger name="services" level="INFO" />

  <root level="ERROR">
    <appender-ref ref="STDOUT" />
  </root>
</configuration>
