{
  "name" : "password_info",
  "catalog" : null,
  "schema" : "public",
  "description" : null,
  "definition" : null,
  "columns" : [ {
    "name" : "provider",
    "description" : null,
    "definition" : null,
    "primaryKey" : false,
    "notNull" : true,
    "autoIncrement" : false,
    "columnType" : {
      "t" : "string"
    },
    "sqlTypeCode" : 12,
    "sqlTypeName" : "varchar",
    "size" : "64",
    "sizeAsInt" : 64,
    "scale" : 0,
    "defaultValue" : null
  }, {
    "name" : "key",
    "description" : null,
    "definition" : null,
    "primaryKey" : false,
    "notNull" : true,
    "autoIncrement" : false,
    "columnType" : {
      "t" : "string"
    },
    "sqlTypeCode" : 12,
    "sqlTypeName" : "varchar",
    "size" : "2048",
    "sizeAsInt" : 2048,
    "scale" : 0,
    "defaultValue" : null
  }, {
    "name" : "hasher",
    "description" : null,
    "definition" : null,
    "primaryKey" : false,
    "notNull" : true,
    "autoIncrement" : false,
    "columnType" : {
      "t" : "string"
    },
    "sqlTypeCode" : 12,
    "sqlTypeName" : "varchar",
    "size" : "64",
    "sizeAsInt" : 64,
    "scale" : 0,
    "defaultValue" : null
  }, {
    "name" : "password",
    "description" : null,
    "definition" : null,
    "primaryKey" : false,
    "notNull" : true,
    "autoIncrement" : false,
    "columnType" : {
      "t" : "string"
    },
    "sqlTypeCode" : 12,
    "sqlTypeName" : "varchar",
    "size" : "256",
    "sizeAsInt" : 256,
    "scale" : 0,
    "defaultValue" : null
  }, {
    "name" : "salt",
    "description" : null,
    "definition" : null,
    "primaryKey" : false,
    "notNull" : false,
    "autoIncrement" : false,
    "columnType" : {
      "t" : "string"
    },
    "sqlTypeCode" : 12,
    "sqlTypeName" : "varchar",
    "size" : "256",
    "sizeAsInt" : 256,
    "scale" : 0,
    "defaultValue" : null
  }, {
    "name" : "created",
    "description" : null,
    "definition" : null,
    "primaryKey" : false,
    "notNull" : true,
    "autoIncrement" : false,
    "columnType" : {
      "t" : "timestamp"
    },
    "sqlTypeCode" : 93,
    "sqlTypeName" : "timestamp",
    "size" : "29",
    "sizeAsInt" : 29,
    "scale" : 0,
    "defaultValue" : null
  } ],
  "rowIdentifier" : [ "provider", "key" ],
  "primaryKey" : {
    "name" : "password_info_pkey",
    "columns" : [ "provider", "key" ]
  },
  "foreignKeys" : [ ],
  "indexes" : [ {
    "name" : "password_info_key",
    "unique" : false,
    "indexType" : "other",
    "columns" : [ {
      "name" : "key",
      "ascending" : true
    } ]
  }, {
    "name" : "password_info_pkey",
    "unique" : true,
    "indexType" : "other",
    "columns" : [ {
      "name" : "provider",
      "ascending" : true
    }, {
      "name" : "key",
      "ascending" : true
    } ]
  } ]
}