<configuration>
  <conversionRule conversionWord="coloredLevel" converterClass="play.api.libs.logback.ColoredLevel" />

  <appender name="STDOUT" class="ch.qos.logback.core.ConsoleAppender">
    <encoder>
      <charset>UTF-8</charset>
      <pattern>%-5coloredLevel [%X{traceId}/%X{spanId}] %d{HH:mm:ss.SSS} %cyan(%logger{15}): %msg%n%xException</pattern>
    </encoder>
  </appender>

  <appender name="FILE" class="ch.qos.logback.core.rolling.RollingFileAppender">
    <file>logs/websocket.log</file>
    <rollingPolicy class="ch.qos.logback.core.rolling.TimeBasedRollingPolicy">
      <fileNamePattern>logs/websocket.%d{yyyy-MM-dd}.%i.log</fileNamePattern>
      <timeBasedFileNamingAndTriggeringPolicy class="ch.qos.logback.core.rolling.SizeAndTimeBasedFNATP">
        <maxFileSize>50MB</maxFileSize>
      </timeBasedFileNamingAndTriggeringPolicy>
      <maxHistory>356</maxHistory>
    </rollingPolicy>

    <encoder>
      <charset>UTF-8</charset>
      <pattern>[%level] %date from %logger in %thread %n%message%n%xException%n</pattern>
    </encoder>
  </appender>

  <logger name="play" level="INFO" />
  <logger name="application" level="INFO" />
  <logger name="com.kyleu" level="INFO" />
  <logger name="models" level="INFO" />
  <logger name="services" level="INFO" />

  <logger name="com.mohiva" level="INFO" />

  <root level="ERROR">
    <appender-ref ref="STDOUT" />
    <appender-ref ref="FILE" />
  </root>
</configuration>
